T_ZTYTH_ENTRY_HEAD_E,OID,主键OID
T_ZTYTH_ENTRY_HEAD_E,HB_NO,手册编号
T_ZTYTH_ENTRY_HEAD_E,ENTRY_ID,报关单号
T_ZTYTH_ENTRY_HEAD_E,COP_EMS_NO,企业内部编号
T_ZTYTH_ENTRY_HEAD_E,G_MARK,成品料件标志
T_ZTYTH_ENTRY_HEAD_E,I_E_FLAG,进出口标志
T_ZTYTH_ENTRY_HEAD_E,SEND_TIME,申报日期
T_ZTYTH_ENTRY_HEAD_E,WET_WT,净重（公斤）
T_ZTYTH_ENTRY_HEAD_E,TRADE_MODE,贸易方式
T_ZTYTH_ENTRY_HEAD_E,INSERT_TIME,创建时间
T_ZTYTH_ENTRY_HEAD_E,INSERT_USER,创建用户
T_ZTYTH_ENTRY_HEAD_E,UPDATE_TIME,更新时间
T_ZTYTH_ENTRY_HEAD_E,UPDATE_USER,更新用户
T_ZTYTH_ENTRY_HEAD_E,CONTR_NO,合同号
T_ZTYTH_ENTRY_HEAD_E,I_E_DATE,进出口日期
T_ZTYTH_ENTRY_HEAD_I,OID,主键OID
T_ZTYTH_ENTRY_HEAD_I,HB_NO,手册编号
T_ZTYTH_ENTRY_HEAD_I,ENTRY_ID,报关单号
T_ZTYTH_ENTRY_HEAD_I,COP_EMS_NO,企业内部编号
T_ZTYTH_ENTRY_HEAD_I,G_MARK,成品料件标志
T_ZTYTH_ENTRY_HEAD_I,I_E_FLAG,进出口标志
T_ZTYTH_ENTRY_HEAD_I,SEND_TIME,申报日期
T_ZTYTH_ENTRY_HEAD_I,WET_WT,净重（公斤）
T_ZTYTH_ENTRY_HEAD_I,TRADE_MODE,贸易方式
T_ZTYTH_ENTRY_HEAD_I,INSERT_TIME,创建时间
T_ZTYTH_ENTRY_HEAD_I,INSERT_USER,创建用户
T_ZTYTH_ENTRY_HEAD_I,UPDATE_TIME,更新时间
T_ZTYTH_ENTRY_HEAD_I,UPDATE_USER,更新用户
T_ZTYTH_ENTRY_HEAD_I,CONTR_NO,合同号
T_ZTYTH_ENTRY_HEAD_I,I_E_DATE,进出口日期
T_ZTYTH_ENTRY_LIST_E,OID,主键OID
T_ZTYTH_ENTRY_LIST_E,HB_NO,手册编号
T_ZTYTH_ENTRY_LIST_E,G_NO,项号
T_ZTYTH_ENTRY_LIST_E,GOODS_NO,商品序号
T_ZTYTH_ENTRY_LIST_E,CODE_T,商品编码
T_ZTYTH_ENTRY_LIST_E,G_NAME,商品名称
T_ZTYTH_ENTRY_LIST_E,G_MODEL,规格型号
T_ZTYTH_ENTRY_LIST_E,QTY,申报数量
T_ZTYTH_ENTRY_LIST_E,UNIT,单位
T_ZTYTH_ENTRY_LIST_E,CURR,币制
T_ZTYTH_ENTRY_LIST_E,DEC_PRICE,单价
T_ZTYTH_ENTRY_LIST_E,APPR_AMT,总价
T_ZTYTH_ENTRY_LIST_E,HEAD_OID,表头OID
T_ZTYTH_ENTRY_LIST_E,INSERT_TIME,创建时间
T_ZTYTH_ENTRY_LIST_E,INSERT_USER,创建用户
T_ZTYTH_ENTRY_LIST_E,UPDATE_TIME,更新时间
T_ZTYTH_ENTRY_LIST_E,UPDATE_USER,更新用户
T_ZTYTH_ENTRY_LIST_E,NOTE,备注
T_ZTYTH_ENTRY_LIST_E,QTY_1,第一法定数量
T_ZTYTH_ENTRY_LIST_E,UNIT_1,第一法定单位
T_ZTYTH_ENTRY_LIST_E,PART_NO,料号
T_ZTYTH_ENTRY_LIST_E,COUNTRY_CODE,产销国
T_ZTYTH_ENTRY_LIST_E,DUTY_MODE,征免方式
T_ZTYTH_ENTRY_LIST_E,USD_APPR_AMT,折合美元总价
T_ZTYTH_ENTRY_LIST_E,USD_RATE,折合美元汇率
T_ZTYTH_ENTRY_LIST_I,OID,主键OID
T_ZTYTH_ENTRY_LIST_I,HB_NO,手册编号
T_ZTYTH_ENTRY_LIST_I,G_NO,项号
T_ZTYTH_ENTRY_LIST_I,GOODS_NO,商品序号
T_ZTYTH_ENTRY_LIST_I,CODE_T,商品编码
T_ZTYTH_ENTRY_LIST_I,G_NAME,商品名称
T_ZTYTH_ENTRY_LIST_I,G_MODEL,规格型号
T_ZTYTH_ENTRY_LIST_I,QTY,申报数量
T_ZTYTH_ENTRY_LIST_I,UNIT,单位
T_ZTYTH_ENTRY_LIST_I,CURR,币制
T_ZTYTH_ENTRY_LIST_I,DEC_PRICE,单价
T_ZTYTH_ENTRY_LIST_I,APPR_AMT,总价
T_ZTYTH_ENTRY_LIST_I,HEAD_OID,表头OID
T_ZTYTH_ENTRY_LIST_I,INSERT_TIME,创建时间
T_ZTYTH_ENTRY_LIST_I,INSERT_USER,创建用户
T_ZTYTH_ENTRY_LIST_I,UPDATE_TIME,更新时间
T_ZTYTH_ENTRY_LIST_I,UPDATE_USER,更新用户
T_ZTYTH_ENTRY_LIST_I,NOTE,备注
T_ZTYTH_ENTRY_LIST_I,QTY_1,第一法定数量
T_ZTYTH_ENTRY_LIST_I,UNIT_1,第一法定单位
T_ZTYTH_ENTRY_LIST_I,PART_NO,料号
T_ZTYTH_ENTRY_LIST_I,COUNTRY_CODE,产销国
T_ZTYTH_ENTRY_LIST_I,DUTY_MODE,征免方式
T_ZTYTH_ENTRY_LIST_I,USD_APPR_AMT,折合美元总价
T_ZTYTH_ENTRY_LIST_I,USD_RATE,折合美元汇率
T_ZTYTH_HB_CONSUME,OID,主键OID
T_ZTYTH_HB_CONSUME,HB_NO,手册编号
T_ZTYTH_HB_CONSUME,EXG_NO,成品序号
T_ZTYTH_HB_CONSUME,DEC_CM,单耗/净耗
T_ZTYTH_HB_CONSUME,DEC_DM,损耗率%
T_ZTYTH_HB_CONSUME,DUTY_RATE,非保税料件比例%
T_ZTYTH_HB_CONSUME,MODIFY_MARK,处理标志
T_ZTYTH_HB_CONSUME,NOTE,备注
T_ZTYTH_HB_CONSUME,HEAD_OID,表头OID
T_ZTYTH_HB_CONSUME,INSERT_TIME,创建时间
T_ZTYTH_HB_CONSUME,INSERT_USER,创建用户
T_ZTYTH_HB_CONSUME,DBSOURCE,来源
T_ZTYTH_HB_CONSUME,CONSUME_CHANGE_OID,变更表OID
T_ZTYTH_HB_CONSUME,UPDATE_TIME,更新时间
T_ZTYTH_HB_CONSUME,UPDATE_USER,更新用户
T_ZTYTH_HB_CONSUME,IMG_NO,料件序号
T_ZTYTH_HB_CONSUME_CHANGE,OID,主键OID
T_ZTYTH_HB_CONSUME_CHANGE,HB_NO,手册编号
T_ZTYTH_HB_CONSUME_CHANGE,EXG_NO,成品序号
T_ZTYTH_HB_CONSUME_CHANGE,IMG_NO,料件序号
T_ZTYTH_HB_CONSUME_CHANGE,DEC_CM,单耗/净耗
T_ZTYTH_HB_CONSUME_CHANGE,DEC_DM,损耗率%
T_ZTYTH_HB_CONSUME_CHANGE,DUTY_RATE,非保税料件比例%
T_ZTYTH_HB_CONSUME_CHANGE,MODIFY_MARK,处理标志
T_ZTYTH_HB_CONSUME_CHANGE,NOTE,备注
T_ZTYTH_HB_CONSUME_CHANGE,HEAD_CHANGE_OID,表头OID
T_ZTYTH_HB_CONSUME_CHANGE,INSERT_TIME,创建时间
T_ZTYTH_HB_CONSUME_CHANGE,INSERT_USER,创建用户
T_ZTYTH_HB_CONSUME_CHANGE,DBSOURCE,来源
T_ZTYTH_HB_CONSUME_CHANGE,UPDATE_TIME,更新时间
T_ZTYTH_HB_CONSUME_CHANGE,UPDATE_USER,更新用户
T_ZTYTH_HB_DCR_BALANCE,OID,主键OID
T_ZTYTH_HB_DCR_BALANCE,EXG_NO,成品项号
T_ZTYTH_HB_DCR_BALANCE,CODE_T,商品编码
T_ZTYTH_HB_DCR_BALANCE,G_NAME,商品名称
T_ZTYTH_HB_DCR_BALANCE,UNIT,计量单位
T_ZTYTH_HB_DCR_BALANCE,EXP_QTY,出口总数量
T_ZTYTH_HB_DCR_BALANCE,EXP_RET_IMP_QTY,成品退换进口数量
T_ZTYTH_HB_DCR_BALANCE,EXP_RET_EXP_QTY,成品退换出口数量
T_ZTYTH_HB_DCR_BALANCE,EXP_RET_TAX_QTY,成品退换折料补税数量
T_ZTYTH_HB_DCR_BALANCE,EXP_RET_BOND_QTY,成品退换涉及保税料件维修或更换数量
T_ZTYTH_HB_DCR_BALANCE,INSERT_TIME,创建时间
T_ZTYTH_HB_DCR_BALANCE,INSERT_USER,创建用户
T_ZTYTH_HB_DCR_BALANCE,UPDATE_TIME,更新时间
T_ZTYTH_HB_DCR_BALANCE,UPDATE_USER,更新用户
T_ZTYTH_HB_DCR_BALANCE,HB_NO,手册编号
T_ZTYTH_HB_DCR_BYPRO,OID,主键OID
T_ZTYTH_HB_DCR_BYPRO,G_NAME,商品名称
T_ZTYTH_HB_DCR_BYPRO,QTY,数量
T_ZTYTH_HB_DCR_BYPRO,UNIT,单位
T_ZTYTH_HB_DCR_BYPRO,TOTAL_VALUE,总价值
T_ZTYTH_HB_DCR_BYPRO,CURR,币制
T_ZTYTH_HB_DCR_BYPRO,TREAT_MODE,处理方式
T_ZTYTH_HB_DCR_BYPRO,ENTRY_ID,报关单号
T_ZTYTH_HB_DCR_BYPRO,REMARK,备注
T_ZTYTH_HB_DCR_BYPRO,INSERT_TIME,创建时间
T_ZTYTH_HB_DCR_BYPRO,INSERT_USER,创建用户
T_ZTYTH_HB_DCR_BYPRO,UPDATE_TIME,更新时间
T_ZTYTH_HB_DCR_BYPRO,UPDATE_USER,更新用户
T_ZTYTH_HB_DCR_BYPRO,HB_NO,手册编号
T_ZTYTH_HB_DCR_HEAD,OID,主键OID
T_ZTYTH_HB_DCR_HEAD,COMP_CODE,企业编码
T_ZTYTH_HB_DCR_HEAD,COMP_NAME,企业名称
T_ZTYTH_HB_DCR_HEAD,HB_NO,手册编号
T_ZTYTH_HB_DCR_HEAD,COP_EMS_NO,企业内部编号
T_ZTYTH_HB_DCR_HEAD,EXPIRY_DATE,有效日期
T_ZTYTH_HB_DCR_HEAD,SEND_TIME,报核申报日期
T_ZTYTH_HB_DCR_HEAD,TRADE_CODE,经营单位编码
T_ZTYTH_HB_DCR_HEAD,TRADE_NAME,经营单位名称
T_ZTYTH_HB_DCR_HEAD,OWNER_CODE,加工单位编码
T_ZTYTH_HB_DCR_HEAD,OWNER_NAME,加工单位名称
T_ZTYTH_HB_DCR_HEAD,CONTACT_PERSON,企业报核联系人
T_ZTYTH_HB_DCR_HEAD,CONTACT_PHONE,联系电话
T_ZTYTH_HB_DCR_HEAD,INPUT_DATE,录入日期
T_ZTYTH_HB_DCR_HEAD,EXCEPT_TAB,申报表单类型
T_ZTYTH_HB_DCR_HEAD,INSERT_TIME,创建时间
T_ZTYTH_HB_DCR_HEAD,INSERT_USER,创建用户
T_ZTYTH_HB_DCR_HEAD,UPDATE_TIME,更新时间
T_ZTYTH_HB_DCR_HEAD,UPDATE_USER,更新用户
T_ZTYTH_HB_DCR_HEAD,STATE,申报状态
T_ZTYTH_HB_DCR_HEAD,SOURCE,数据来源
T_ZTYTH_HB_DCR_HEAD,POST_STATE,数据同步状态
T_ZTYTH_HB_DCR_HEAD,HIDDEN_STATE,手册隐藏状态
T_ZTYTH_HB_DCR_HEAD,RISK_STATE,销保状态
T_ZTYTH_HB_DCR_HEAD,APPROVE_LOG_TIME,最新审批日期
T_ZTYTH_HB_DCR_HEAD,CHANNEL,通道标志
T_ZTYTH_HB_DCR_HEAD,IS_MOD,是否修改
T_ZTYTH_HB_DCR_SCRAP,OID,主键OID
T_ZTYTH_HB_DCR_SCRAP,G_NAME,商品名称
T_ZTYTH_HB_DCR_SCRAP,IMG_NO,对应料件项号
T_ZTYTH_HB_DCR_SCRAP,QTY,数量
T_ZTYTH_HB_DCR_SCRAP,UNIT,单位
T_ZTYTH_HB_DCR_SCRAP,TOTAL_VALUE,总价值
T_ZTYTH_HB_DCR_SCRAP,CURR,币制
T_ZTYTH_HB_DCR_SCRAP,CON_COMPARE,与申报损耗率比较
T_ZTYTH_HB_DCR_SCRAP,TREAT_MODE,处理方式
T_ZTYTH_HB_DCR_SCRAP,INSERT_TIME,创建时间
T_ZTYTH_HB_DCR_SCRAP,INSERT_USER,创建用户
T_ZTYTH_HB_DCR_SCRAP,UPDATE_TIME,更新时间
T_ZTYTH_HB_DCR_SCRAP,UPDATE_USER,更新用户
T_ZTYTH_HB_DCR_SCRAP,HB_NO,手册编号
T_ZTYTH_HB_DCR_SCRAP,SECOND_QTY,第二计量单位对应的数量
T_ZTYTH_HB_DCR_SCRAP,SECOND_UNIT,第二计量单位
T_ZTYTH_HB_EXG,OID,主键OID
T_ZTYTH_HB_EXG,HB_NO,手册编号
T_ZTYTH_HB_EXG,G_NO,序号
T_ZTYTH_HB_EXG,CODE_T,商品编码
T_ZTYTH_HB_EXG,G_NAME,商品名称
T_ZTYTH_HB_EXG,G_MODEL,规格型号
T_ZTYTH_HB_EXG,UNIT,申报计量单位
T_ZTYTH_HB_EXG,UNIT_1,法定计量单位
T_ZTYTH_HB_EXG,COUNTRY_CODE,产销国
T_ZTYTH_HB_EXG,DEC_PRICE,申报单价
T_ZTYTH_HB_EXG,CURR,币制
T_ZTYTH_HB_EXG,QTY,申报数量
T_ZTYTH_HB_EXG,NOTE,备注
T_ZTYTH_HB_EXG,MODIFY_MARK,处理标志
T_ZTYTH_HB_EXG,APPR_AMT,总价
T_ZTYTH_HB_EXG,DUTY_MODE,征免方式
T_ZTYTH_HB_EXG,APPLY_STATE,申报状态
T_ZTYTH_HB_EXG,HEAD_OID,表头OID
T_ZTYTH_HB_EXG,INSERT_TIME,创建时间
T_ZTYTH_HB_EXG,INSERT_USER,创建用户
T_ZTYTH_HB_EXG,DBSOURCE,数据来源
T_ZTYTH_HB_EXG,EXG_CHANGE_OID,变更表OID
T_ZTYTH_HB_EXG,UPDATE_TIME,更新时间
T_ZTYTH_HB_EXG,UPDATE_USER,更新用户
T_ZTYTH_HB_EXG,USE_TYPE,记录号
T_ZTYTH_HB_EXG_CHANGE,OID,主键OID
T_ZTYTH_HB_EXG_CHANGE,HB_NO,手册编号
T_ZTYTH_HB_EXG_CHANGE,G_NO,序号
T_ZTYTH_HB_EXG_CHANGE,CODE_T,商品编码
T_ZTYTH_HB_EXG_CHANGE,G_NAME,商品名称
T_ZTYTH_HB_EXG_CHANGE,G_MODEL,规格型号
T_ZTYTH_HB_EXG_CHANGE,UNIT,申报计量单位
T_ZTYTH_HB_EXG_CHANGE,UNIT_1,法定计量单位
T_ZTYTH_HB_EXG_CHANGE,COUNTRY_CODE,产销国
T_ZTYTH_HB_EXG_CHANGE,DEC_PRICE,申报单价
T_ZTYTH_HB_EXG_CHANGE,CURR,币制
T_ZTYTH_HB_EXG_CHANGE,QTY,申报数量
T_ZTYTH_HB_EXG_CHANGE,NOTE,备注
T_ZTYTH_HB_EXG_CHANGE,MODIFY_MARK,处理标志
T_ZTYTH_HB_EXG_CHANGE,APPR_AMT,总价
T_ZTYTH_HB_EXG_CHANGE,DUTY_MODE,征免方式
T_ZTYTH_HB_EXG_CHANGE,APPLY_STATE,申报状态
T_ZTYTH_HB_EXG_CHANGE,HEAD_CHANGE_OID,表头OID
T_ZTYTH_HB_EXG_CHANGE,INSERT_TIME,创建时间
T_ZTYTH_HB_EXG_CHANGE,INSERT_USER,创建用户
T_ZTYTH_HB_EXG_CHANGE,DBSOURCE,来源
T_ZTYTH_HB_EXG_CHANGE,UPDATE_TIME,更新时间
T_ZTYTH_HB_EXG_CHANGE,UPDATE_USER,更新用户
T_ZTYTH_HB_EXG_CHANGE,USE_TYPE,记录号
T_ZTYTH_HB_HEAD,OID,主键OID
T_ZTYTH_HB_HEAD,COMP_NO,企业编码
T_ZTYTH_HB_HEAD,SERIAL_NO,流水号
T_ZTYTH_HB_HEAD,COP_EMS_NO,企业内部编号
T_ZTYTH_HB_HEAD,HB_NO,手册编号
T_ZTYTH_HB_HEAD,HB_BASE_NO,备案资料库编号
T_ZTYTH_HB_HEAD,MASTER_CUSTOMS,主管海关
T_ZTYTH_HB_HEAD,TRADE_CODE,经营单位编码
T_ZTYTH_HB_HEAD,TRADE_NAME,经营单位名称
T_ZTYTH_HB_HEAD,TRADE_AEOTYPE,经营单位企业管理类别
T_ZTYTH_HB_HEAD,OWNER_CODE,加工单位编码
T_ZTYTH_HB_HEAD,OWNER_NAME,加工单位名称
T_ZTYTH_HB_HEAD,OWNER_AEOTYPE,加工单位企业管理类别
T_ZTYTH_HB_HEAD,CONTACT_PERSON,企业联系人
T_ZTYTH_HB_HEAD,CONTACT_PHONE,联系电话
T_ZTYTH_HB_HEAD,PLANT_CONDITIO,厂房情况
T_ZTYTH_HB_HEAD,MODIFY_MARK,处理标志
T_ZTYTH_HB_HEAD,IS_FIRST,是否首办
T_ZTYTH_HB_HEAD,TRADE_ADDRESS,经营单位地址
T_ZTYTH_HB_HEAD,OWNER_ADDRESS,加工单位地址
T_ZTYTH_HB_HEAD,MASTER_FTC,主管外经部门
T_ZTYTH_HB_HEAD,ACCOUNT_BANK,台帐银行
T_ZTYTH_HB_HEAD,MANAGE_OBJECT,管理对象
T_ZTYTH_HB_HEAD,RECEIVE_AREA,收货地区
T_ZTYTH_HB_HEAD,OPERATOR,经办人
T_ZTYTH_HB_HEAD,PHONE,电话
T_ZTYTH_HB_HEAD,FOREIGN_CO_NAME,外商公司名称
T_ZTYTH_HB_HEAD,USE_HB_COUNT,未结案手册数
T_ZTYTH_HB_HEAD,EQUIP_MODE,单耗申报环节
T_ZTYTH_HB_HEAD,HB_TYPE,手册办理类型
T_ZTYTH_HB_HEAD,TRADE_MODE,贸易方式
T_ZTYTH_HB_HEAD,CUT_MODE,征免性质
T_ZTYTH_HB_HEAD,TRADE_COUNTRY,贸易国别
T_ZTYTH_HB_HEAD,PRODUCE_TYPE,加工种类
T_ZTYTH_HB_HEAD,IN_RATIO,内销比例
T_ZTYTH_HB_HEAD,EMS_APPR_NO,批准文号
T_ZTYTH_HB_HEAD,APPROVE_ORG,审批机关
T_ZTYTH_HB_HEAD,AGREE_NO,协议号
T_ZTYTH_HB_HEAD,CONTR_IN,进口合同号
T_ZTYTH_HB_HEAD,APPR_IMG_AMT,进口总值
T_ZTYTH_HB_HEAD,IM_CURR,进口币制
T_ZTYTH_HB_HEAD,CONTR_OUT,出口合同号
T_ZTYTH_HB_HEAD,APPR_EXG_AMT,出口总值
T_ZTYTH_HB_HEAD,EX_CURR,出口币制
T_ZTYTH_HB_HEAD,IMPORT_PERIOD,进口期限
T_ZTYTH_HB_HEAD,EXPIRY_DATE,有效日期
T_ZTYTH_HB_HEAD,IE_PORT,进出口岸
T_ZTYTH_HB_HEAD,NOTE,备注
T_ZTYTH_HB_HEAD,STATE,状态
T_ZTYTH_HB_HEAD,RISK_STATE,风险担保金状态
T_ZTYTH_HB_HEAD,SEND_TIME,申报日期
T_ZTYTH_HB_HEAD,END_TIME,结案日期
T_ZTYTH_HB_HEAD,INSERT_TIME,创建时间
T_ZTYTH_HB_HEAD,INSERT_USER,创建用户
T_ZTYTH_HB_HEAD,DBSOURCE,数据来源
T_ZTYTH_HB_HEAD,HEAD_CHANGE_OID,变更表OID
T_ZTYTH_HB_HEAD,UPDATE_TIME,更新时间
T_ZTYTH_HB_HEAD,UPDATE_USER,更新用户
T_ZTYTH_HB_HEAD,COMP_NAME,企业名称
T_ZTYTH_HB_HEAD,POST_STATE,数据同步状态
T_ZTYTH_HB_HEAD,APPROVE_DATE,H2010审批通过日期
T_ZTYTH_HB_HEAD,IS_POST,POST状态
T_ZTYTH_HB_HEAD,GOLD_STATE,金二担保状态
T_ZTYTH_HB_HEAD,IS_PRODUCT,有无副产品
T_ZTYTH_HB_HEAD,CHANNEL,通道标志
T_ZTYTH_HB_HEAD,IS_MOD,是否修改
T_ZTYTH_HB_HEAD_CHANGE,OID,主键OID
T_ZTYTH_HB_HEAD_CHANGE,COMP_NO,企业编码
T_ZTYTH_HB_HEAD_CHANGE,SERIAL_NO,流水号
T_ZTYTH_HB_HEAD_CHANGE,COP_EMS_NO,企业内部编号
T_ZTYTH_HB_HEAD_CHANGE,HB_NO,手册编号
T_ZTYTH_HB_HEAD_CHANGE,HB_BASE_NO,备案资料库编号
T_ZTYTH_HB_HEAD_CHANGE,MASTER_CUSTOMS,主管海关
T_ZTYTH_HB_HEAD_CHANGE,TRADE_CODE,经营单位编码
T_ZTYTH_HB_HEAD_CHANGE,TRADE_NAME,经营单位名称
T_ZTYTH_HB_HEAD_CHANGE,TRADE_AEOTYPE,经营单位企业管理类别
T_ZTYTH_HB_HEAD_CHANGE,OWNER_CODE,加工单位编码
T_ZTYTH_HB_HEAD_CHANGE,OWNER_NAME,加工单位名称
T_ZTYTH_HB_HEAD_CHANGE,OWNER_AEOTYPE,加工单位企业管理类别
T_ZTYTH_HB_HEAD_CHANGE,CONTACT_PERSON,企业联系人
T_ZTYTH_HB_HEAD_CHANGE,CONTACT_PHONE,联系电话
T_ZTYTH_HB_HEAD_CHANGE,PLANT_CONDITIO,厂房情况
T_ZTYTH_HB_HEAD_CHANGE,MODIFY_MARK,处理标志
T_ZTYTH_HB_HEAD_CHANGE,IS_FIRST,是否首办
T_ZTYTH_HB_HEAD_CHANGE,TRADE_ADDRESS,经营单位地址
T_ZTYTH_HB_HEAD_CHANGE,OWNER_ADDRESS,加工单位地址
T_ZTYTH_HB_HEAD_CHANGE,MASTER_FTC,主管外经部门
T_ZTYTH_HB_HEAD_CHANGE,ACCOUNT_BANK,台帐银行
T_ZTYTH_HB_HEAD_CHANGE,MANAGE_OBJECT,管理对象
T_ZTYTH_HB_HEAD_CHANGE,RECEIVE_AREA,收货地区
T_ZTYTH_HB_HEAD_CHANGE,OPERATOR,经办人
T_ZTYTH_HB_HEAD_CHANGE,PHONE,电话
T_ZTYTH_HB_HEAD_CHANGE,FOREIGN_CO_NAME,外商公司名称
T_ZTYTH_HB_HEAD_CHANGE,USE_HB_COUNT,未结案手册数
T_ZTYTH_HB_HEAD_CHANGE,EQUIP_MODE,单耗申报环节
T_ZTYTH_HB_HEAD_CHANGE,HB_TYPE,手册办理类型
T_ZTYTH_HB_HEAD_CHANGE,TRADE_MODE,贸易方式
T_ZTYTH_HB_HEAD_CHANGE,CUT_MODE,征免性质
T_ZTYTH_HB_HEAD_CHANGE,TRADE_COUNTRY,贸易国别
T_ZTYTH_HB_HEAD_CHANGE,PRODUCE_TYPE,加工种类
T_ZTYTH_HB_HEAD_CHANGE,IN_RATIO,内销比例
T_ZTYTH_HB_HEAD_CHANGE,EMS_APPR_NO,批准文号
T_ZTYTH_HB_HEAD_CHANGE,APPROVE_ORG,审批机关
T_ZTYTH_HB_HEAD_CHANGE,AGREE_NO,协议号
T_ZTYTH_HB_HEAD_CHANGE,CONTR_IN,进口合同号
T_ZTYTH_HB_HEAD_CHANGE,APPR_IMG_AMT,进口总值
T_ZTYTH_HB_HEAD_CHANGE,IM_CURR,进口币制
T_ZTYTH_HB_HEAD_CHANGE,CONTR_OUT,出口合同号
T_ZTYTH_HB_HEAD_CHANGE,APPR_EXG_AMT,出口总值
T_ZTYTH_HB_HEAD_CHANGE,EX_CURR,出口币制
T_ZTYTH_HB_HEAD_CHANGE,IMPORT_PERIOD,进口期限
T_ZTYTH_HB_HEAD_CHANGE,EXPIRY_DATE,有效日期
T_ZTYTH_HB_HEAD_CHANGE,IE_PORT,进出口岸
T_ZTYTH_HB_HEAD_CHANGE,NOTE,备注
T_ZTYTH_HB_HEAD_CHANGE,STATE,状态
T_ZTYTH_HB_HEAD_CHANGE,RISK_STATE,风险担保金状态
T_ZTYTH_HB_HEAD_CHANGE,SEND_TIME,申报日期
T_ZTYTH_HB_HEAD_CHANGE,END_TIME,结案日期
T_ZTYTH_HB_HEAD_CHANGE,INSERT_TIME,创建时间
T_ZTYTH_HB_HEAD_CHANGE,INSERT_USER,创建用户
T_ZTYTH_HB_HEAD_CHANGE,DBSOURCE,数据来源
T_ZTYTH_HB_HEAD_CHANGE,HEAD_OID,手册设立表OID
T_ZTYTH_HB_HEAD_CHANGE,UPDATE_TIME,更新时间
T_ZTYTH_HB_HEAD_CHANGE,UPDATE_USER,更新用户
T_ZTYTH_HB_HEAD_CHANGE,COMP_NAME,企业名称
T_ZTYTH_HB_HEAD_CHANGE,POST_STATE,数据同步状态
T_ZTYTH_HB_HEAD_CHANGE,APPROVE_DATE,H2010审批通过日期
T_ZTYTH_HB_HEAD_CHANGE,IS_POST,POST状态
T_ZTYTH_HB_HEAD_CHANGE,GOLD_STATE,金二担保状态
T_ZTYTH_HB_HEAD_CHANGE,IS_PRODUCT,有无副产品
T_ZTYTH_HB_HEAD_CHANGE,CHANGE_ITEMS,变更事项
T_ZTYTH_HB_HEAD_CHANGE,DELAY_TIMES,延期次数
T_ZTYTH_HB_HEAD_CHANGE,OTHER_NOTE,其他内容
T_ZTYTH_HB_HEAD_CHANGE,CHANNEL,通道标志
T_ZTYTH_HB_HEAD_CHANGE,IS_MOD,是否修改
T_ZTYTH_HB_IMG,OID,主键OID
T_ZTYTH_HB_IMG,HB_NO,手册编号
T_ZTYTH_HB_IMG,G_NO,序号
T_ZTYTH_HB_IMG,CODE_T,商品编码
T_ZTYTH_HB_IMG,G_NAME,商品名称
T_ZTYTH_HB_IMG,G_MODEL,规格型号
T_ZTYTH_HB_IMG,UNIT,计量单位
T_ZTYTH_HB_IMG,UNIT_1,法定计量单位
T_ZTYTH_HB_IMG,COUNTRY_CODE,产销国
T_ZTYTH_HB_IMG,DEC_PRICE,申报单价
T_ZTYTH_HB_IMG,CURR,币制
T_ZTYTH_HB_IMG,QTY,申报数量
T_ZTYTH_HB_IMG,MAIN_FLAG,主料标志
T_ZTYTH_HB_IMG,NOTE,备注
T_ZTYTH_HB_IMG,MODIFY_MARK,处理标志
T_ZTYTH_HB_IMG,APPR_AMT,申报总价
T_ZTYTH_HB_IMG,DUTY_MODE,征免方式
T_ZTYTH_HB_IMG,HEAD_OID,表头OID
T_ZTYTH_HB_IMG,INSERT_TIME,创建时间
T_ZTYTH_HB_IMG,INSERT_USER,创建用户
T_ZTYTH_HB_IMG,DBSOURCE,数据来源
T_ZTYTH_HB_IMG,IMG_CHANGE_OID,变更表OID
T_ZTYTH_HB_IMG,UPDATE_TIME,更新时间
T_ZTYTH_HB_IMG,UPDATE_USER,更新用户
T_ZTYTH_HB_IMG,USE_TYPE,记录号
T_ZTYTH_HB_IMG_CHANGE,OID,主键OID
T_ZTYTH_HB_IMG_CHANGE,HB_NO,手册编号
T_ZTYTH_HB_IMG_CHANGE,G_NO,序号
T_ZTYTH_HB_IMG_CHANGE,CODE_T,商品编码
T_ZTYTH_HB_IMG_CHANGE,G_NAME,商品名称
T_ZTYTH_HB_IMG_CHANGE,G_MODEL,规格型号
T_ZTYTH_HB_IMG_CHANGE,UNIT,计量单位
T_ZTYTH_HB_IMG_CHANGE,UNIT_1,法定计量单位
T_ZTYTH_HB_IMG_CHANGE,COUNTRY_CODE,产销国
T_ZTYTH_HB_IMG_CHANGE,DEC_PRICE,申报单价
T_ZTYTH_HB_IMG_CHANGE,CURR,币制
T_ZTYTH_HB_IMG_CHANGE,QTY,申报数量
T_ZTYTH_HB_IMG_CHANGE,MAIN_FLAG,主料标志
T_ZTYTH_HB_IMG_CHANGE,NOTE,备注
T_ZTYTH_HB_IMG_CHANGE,MODIFY_MARK,处理标志
T_ZTYTH_HB_IMG_CHANGE,APPR_AMT,申报总价
T_ZTYTH_HB_IMG_CHANGE,DUTY_MODE,征免方式
T_ZTYTH_HB_IMG_CHANGE,HEAD_CHANGE_OID,表头OID
T_ZTYTH_HB_IMG_CHANGE,INSERT_TIME,创建时间
T_ZTYTH_HB_IMG_CHANGE,INSERT_USER,创建用户
T_ZTYTH_HB_IMG_CHANGE,DBSOURCE,数据来源
T_ZTYTH_HB_IMG_CHANGE,UPDATE_TIME,更新时间
T_ZTYTH_HB_IMG_CHANGE,UPDATE_USER,更新用户
T_ZTYTH_HB_IMG_CHANGE,USE_TYPE,记录号
T_ZTYTH_HB_DCR_BASIC_INFO,OID,主键OID
T_ZTYTH_HB_DCR_BASIC_INFO,IMP_ENTRY_COUNT,进口报关单份数
T_ZTYTH_HB_DCR_BASIC_INFO,EXP_ENTRY_COUNT,出口报关单份数
T_ZTYTH_HB_DCR_BASIC_INFO,IMG_COUNT,报核料件项数
T_ZTYTH_HB_DCR_BASIC_INFO,EXG_COUNT,报核成品项数
T_ZTYTH_HB_DCR_BASIC_INFO,IMG_IMP_MONEY,料件进口总金额
T_ZTYTH_HB_DCR_BASIC_INFO,EXG_EXP_MONEY,成品出口总金额
T_ZTYTH_HB_DCR_BASIC_INFO,INSERT_TIME,创建时间
T_ZTYTH_HB_DCR_BASIC_INFO,INSERT_USER,创建用户
T_ZTYTH_HB_DCR_BASIC_INFO,UPDATE_TIME,更新时间
T_ZTYTH_HB_DCR_BASIC_INFO,UPDATE_USER,更新用户
T_ZTYTH_HB_DCR_BASIC_INFO,HB_NO,手册编号
T_ZTYTH_HB_DCR_IMP_IMG,OID,主键OID
T_ZTYTH_HB_DCR_IMP_IMG,G_NO,料件项号
T_ZTYTH_HB_DCR_IMP_IMG,CODE_T,商品编码
T_ZTYTH_HB_DCR_IMP_IMG,G_NAME,商品名称
T_ZTYTH_HB_DCR_IMP_IMG,UNIT,计量单位
T_ZTYTH_HB_DCR_IMP_IMG,IMP_AMT,进口总数量
T_ZTYTH_HB_DCR_IMP_IMG,SJG_IMP_QTY,深加工结转进口数量
T_ZTYTH_HB_DCR_IMP_IMG,BOND_IMG_QTY,产品总耗用量
T_ZTYTH_HB_DCR_IMP_IMG,ZFC_QTY,复出数量
T_ZTYTH_HB_DCR_IMP_IMG,DES_QTY,料件销毁数量
T_ZTYTH_HB_DCR_IMP_IMG,SCRAP_QTY,边角料数量
T_ZTYTH_HB_DCR_IMP_IMG,YL_EXP_QTY,余料结转数量
T_ZTYTH_HB_DCR_IMP_IMG,THE_RES_QTY,料件剩余数量
T_ZTYTH_HB_DCR_IMP_IMG,INSERT_TIME,创建时间
T_ZTYTH_HB_DCR_IMP_IMG,INSERT_USER,创建用户
T_ZTYTH_HB_DCR_IMP_IMG,UPDATE_TIME,更新时间
T_ZTYTH_HB_DCR_IMP_IMG,UPDATE_USER,更新用户
T_ZTYTH_HB_DCR_IMP_IMG,HB_NO,手册编号
T_ZTYTH_HB_DCR_IMP_IMG,NXZS_QTY,内销数量
T_ZTYTH_HB_DCR_IMP_IMG,STOCK_QTY,企业库存数量
